-- -----------------------------------------------------
-- Add data for account_info
-- -----------------------------------------------------

INSERT INTO account_info
  (id,firstname,lastname,nick,birthday)
    VALUES
      (1,'Виктор','Кулыгин','astonone','07.11.1994'),
      (2,'Евгений','Кираченко','sich','05.18.1994'),
      (3,'Сергей','Губарев','pooh','03.26.1994'),
      (4,'Алена','Голякова','alenych','05.27.1995'),
      (5,'Екатерина','Кулыгина','katyha','01.03.1993');

-- -----------------------------------------------------
-- Add data for account
-- -----------------------------------------------------

INSERT INTO account
  (id,email,password,account_info_id)
    VALUES
      (1,'astonone@mail.ru','1a2b3c',1),
      (2,'megasich@mail.ru','qwerty',2),
      (3,'pooh@mail.ru','zaqwerty',3),
      (4,'golyakova_ea@mail.ru','vata',4),
      (5,'katerina_cool@mail.ru','ytrewq',5);

-- -----------------------------------------------------
-- Add data for account_role
-- -----------------------------------------------------

INSERT INTO account_role
  (id, name)
    VALUES 
      (1,'admin'),
      (2,'user');

-- -----------------------------------------------------
-- Add data for account_has_account_role
-- -----------------------------------------------------

INSERT INTO account_has_account_role
  (account_id, account_role_id) 
    VALUES
      (1,1),
      (2,2),
      (3,2),
      (4,2),
      (5,2);

-- -----------------------------------------------------
-- Add data for friends
-- -----------------------------------------------------

INSERT INTO friends
  (account_id, friend_id)
    VALUES
      (1,2),
      (1,3),
      (1,4),
      (1,5),
      (2,1),
      (2,3),
      (2,5),
      (3,1),
      (3,2),
      (3,4),
      (4,1),
      (4,3),
      (4,5),
      (5,1),
      (5,2),
      (5,4);

-- -----------------------------------------------------
-- Add data for message
-- -----------------------------------------------------

INSERT INTO message
  (id, text, sender_one_id, sender_two_id)
    VALUES 
      (1,'Привет,как тебе мой новый шикарный музыкальный сервис?',1,2),
      (2,'Привет,как тебе мой новый шикарный музыкальный сервис?',1,3),
      (3,'Привет,как тебе мой новый шикарный музыкальный сервис?',1,4),
      (4,'Привет,как тебе мой новый шикарный музыкальный сервис?',1,5);

-- -----------------------------------------------------
-- Add data for track
-- -----------------------------------------------------

INSERT INTO track
  (id, title, artist, album, year, filename, duration, rating)
    VALUES
      (1,'Кравц - Intro','Кравц','Плохой романтик',2015,'01. Кравц - Intro.mp3','03:31',6),
      (2,'Кравц - СолнечныйSwag','Кравц','Плохой романтик',2015,'02. Кравц - СолнечныйSwag.mp3','03:25',6),
      (3,'Кравц - Не Нагружай','Кравц','Плохой романтик',2015,'03. Кравц - Не Нагружай.mp3','04:23',6),
      (4,'Кравц - Не Знать Их','Кравц','Плохой романтик',2015,'04. Кравц - Не Знать Их (Feat. Каспийский Груз).mp3','04:19',9),
      (5,'Кравц - Мои Друзья','Кравц','Плохой романтик',2015,'05. Кравц - Мои Друзья (Feat. Андрей Аверин).mp3','03:11',8),
      (6,'Кравц - Осенний Дождь','Кравц','Плохой романтик',2015,'06. Кравц - Осенний Дождь (Feat. SoundBro, Гагарин).mp3','03:29',6),
      (7,'Кравц - Электрозамыкание','Кравц','Плохой романтик',2015,'07. Кравц - Электрозамыкание (Feat. Staisha).mp3','02:52',6),
      (8,'Кравц - Ищу Себя','Кравц','Плохой романтик',2015,'08. Кравц - Ищу Себя.mp3','04:00',10),
      (9,'Кравц - Давай Зажигать','Кравц','Плохой романтик',2015,'09. Кравц - Давай Зажигать (Feat. Баста).mp3','03:16',9),
      (10,'Кравц - Неуловимы','Кравц','Плохой романтик',2015,'10. Кравц - Неуловимы (Feat. Aiza).mp3','04:33',1),
      (11,'Кравц - Голая Любовь','Кравц','Плохой романтик',2015,'11. Кравц - Голая Любовь (Feat. Катя Нова).mp3','03:13',4),
      (12,'Кравц - Плохой Романтик','Кравц','Плохой романтик',2015,'12. Кравц - Плохой Романтик (Skit).mp3','02:14',7),
      (13,'Кравц - Проблема','Кравц','Плохой романтик',2015,'13. Кравц - Проблема (Feat. Александр Панайотов).mp3','04:06',7),
      (14,'Кравц - Когда Погаснет Свет','Кравц','Плохой романтик',2015,'14. Кравц - Когда Погаснет Свет (Feat. Алексей Гоман).mp3','03:35',7),
      (15,'Кравц - Не Ходим В Клубы','Кравц','Плохой романтик',2015,'15. Кравц - Не Ходим В Клубы (Feat. Staisha).mp3','03:14',7),
      (16,'Кравц - Счастлив, Что Встретил Тебя','Кравц','Плохой романтик',2015,'16. Кравц - Счастлив, Что Встретил Тебя.mp3','03:27',7),
      (17,'Кравц - Bonus','Кравц','Плохой романтик',2015,'17. Кравц - Bonus.mp3','12:03',7);

-- -----------------------------------------------------
-- Add data for genre
-- -----------------------------------------------------

INSERT INTO genre
  (id, name)
    VALUES
      (1,'Хип-хоп'),
      (2,'Рок'),
      (3,'Поп'),
      (4,'Джаз'),
      (5,'Классика');

-- -----------------------------------------------------
-- Add data for mood
-- -----------------------------------------------------

INSERT INTO mood
  (id, name)
    VALUES
      (1,'Веселое'),
      (2,'Грустное'),
      (3,'Летнее'),
      (4,'Суицидальное'),
      (5,'Романтичное');

-- -----------------------------------------------------
-- Add data for tracklist
-- -----------------------------------------------------

INSERT INTO tracklist
  (id, name, account_info_id)
    VALUES 
      (1,'Новый альбом Кравца',1);

-- -----------------------------------------------------
-- Add data for track_has_genre
-- -----------------------------------------------------

INSERT INTO track_has_genre
  (track_id, genre_id)
    VALUES
      (1,1),
      (2,1),
      (3,1),
      (4,1),
      (5,1),
      (6,1),
      (7,1),
      (8,1),
      (9,1),
      (10,1),
      (11,1),
      (12,1),
      (13,1),
      (14,1),
      (15,1),
      (16,1),
      (17,1);

-- -----------------------------------------------------
-- Add data for track_has_mood
-- -----------------------------------------------------

INSERT INTO track_has_mood
  (track_id, mood_id, account_info_id)
    VALUES
      (1,5,1),
      (2,5,1),
      (3,5,1),
      (4,5,1),
      (5,5,1),
      (6,5,1),
      (7,5,1),
      (8,5,1),
      (9,5,1),
      (10,5,1),
      (11,5,1),
      (12,5,1),
      (13,5,1),
      (14,5,1),
      (15,5,1),
      (16,5,1),
      (17,5,1);

-- -----------------------------------------------------
-- Add data for tracklist_has_track
-- -----------------------------------------------------

INSERT INTO tracklist_has_track
  (tracklist_id, track_id) 
    VALUES
      (1,1),
      (1,2),
      (1,3),
      (1,4),
      (1,5),
      (1,6),
      (1,7),
      (1,8),
      (1,9),
      (1,10),
      (1,11),
      (1,12),
      (1,13),
      (1,14),
      (1,15),
      (1,16),
      (1,17);

-- -----------------------------------------------------
-- Add data for comments
-- -----------------------------------------------------

INSERT INTO comments
(id, track_id, text,parent_id, order_comments, account_info_id)
VALUES
  (1,10,'Худший трек на альбоме',1,1,1),
  (2,8,'Лучший трек на альбоме',2,1,1);

-- -----------------------------------------------------
-- Add data for rating
-- -----------------------------------------------------

INSERT INTO rating
  (track_id, account_info_id, rating_value)
    VALUES
      (8,1,10),
      (10,1,1),
      (8,2,9),
      (10,2,0);

-- -----------------------------------------------------
-- Add data for more_track_info
-- -----------------------------------------------------

INSERT INTO rating
  (track_id, account_info_id, value)
    VALUES
      (8,1,10),
      (10,1,0);
